{"cameraMode":{"drawMode":0,"name":"Shaded","section":"Shading Mode"},"sceneLighting":true,"audioPlay":false,"sceneViewState":{"m_AlwaysRefresh":false,"showFog":false,"showSkybox":true,"showFlares":false,"showImageEffects":false,"showParticleSystems":false,"showVisualEffectGraphs":true,"m_FxEnabled":true},"in2DMode":false,"pivot":{"x":-1.3412597179412842,"y":10.091571807861329,"z":-1.4396774768829346},"rotation":{"x":-0.07161369919776917,"y":0.43815985321998598,"z":-0.035039495676755908,"w":-0.8953781127929688},"size":1.9125988483428956,"orthographic":false}